{"cameraMode":{"drawMode":0,"name":"Shaded","section":"Shading Mode"},"sceneLighting":true,"audioPlay":false,"sceneViewState":{"m_AlwaysRefresh":false,"showFog":true,"showSkybox":true,"showFlares":true,"showImageEffects":true,"showParticleSystems":true,"showVisualEffectGraphs":true,"m_FxEnabled":true},"in2DMode":false,"pivot":{"x":3.7567949295043947,"y":1.3138322830200196,"z":-3.4152464866638185},"rotation":{"x":-0.0177217498421669,"y":0.9818918108940125,"z":-0.11870453506708145,"w":-0.14659032225608827},"size":5.096669673919678,"orthographic":false}